code,FR,IT,DE,EN,PT,AR,ES,RU,JA,ZH
DIESCHWEIZERMACHER,Les faiseurs de Suisse,I fabbricasvizzeri,Die Schweizermacher,The Swissmakers,Die Schweizermacher,Die Schweizermacher,,Как стать швейцарцем,The Swissmakers,
ACHTUNGFERTIGCHARLIE!,"A vos marques, prêts, Charlie!","Achtung, fertig, Charlie!","Achtung, fertig, Charlie!","Ready, Steady, Charlie!","Atenção, pronto, Charlie! ","Achtung, fertig, Charlie!",,Армейский пирог,"Ready, Steady, Charlie!",
DIEHERBSTZEITLOSEN,Les mamies ne font pas dans la dentelle,Die Herbstzeitlosen,Die Herbstzeitlosen,Late Bloomers,Die Herbstzeitlosen,Die Herbstzeitlosen,Las chicas de la lencería,Неувядаемые,Late Bloomers,
MEINNAMEISTEUGEN,Je m'appelle Eugen,Mein Name ist Eugen,Mein Name ist Eugen,Rascals On The Road,Mein Name ist Eugen,Mein Name ist Eugen,Pilluelos en acción,Меня зовут Ойген,Rascals On The Road,
LESPETITESFUGUES,Les petites fugues,Piccole fughe,Kleine Fluchten,Small Escapes,Kleine Fluchten,Les petites fugues,,На собственном опыте,Small Escapes,
SCHELLENURSLI,Une cloche pour Ursli,Una campana per Ursli,Schellen-Ursli,A Bell for Ursli,Um sino para o pequeno Urs,Schellen-Ursli,Una campana para el pequeño Urs,Звонкий Урсли,A Bell for Ursli,
GROUNDING–DIELETZTENTAGEDERSWISSAIR,Grounding - Les derniers jours de Swissair,Grounding – Die letzten Tage der Swissair,Grounding – Die letzten Tage der Swissair,Grounding - The Last Days Of Swissair,Grounding – Die letzten Tage der Swissair,Grounding – Die letzten Tage der Swissair,,Аварийная посадка или последние дни Свиссэйр,Grounding - The Last Days Of Swissair,
EINSCHWEIZERNAMENSNÖTZLI,Ein Schweizer Namens Nötzli,Ein Schweizer Namens Nötzli,Ein Schweizer Namens Nötzli,A Swiss Named Notzli,Ein Schweizer Namens Nötzli,Ein Schweizer Namens Nötzli,,Швейцарская карьера или дело бухгалтера Нётцли,A Swiss Named Notzli,
ERNSTFALLINHAVANNA,Micmac à la Havane,Ernstfall in Havanna,Ernstfall in Havanna,Crisis in Havana,Ernstfall in Havanna,Ernstfall in Havanna,,Гаванский инцидент,Crisis in Havana,
MORETHANHONEY,Des abeilles et des hommes,Un mondo in pericolo,More than Honey,More Than Honey,More than Honey,More than honey,Mucho más que miel: More Than Honey,"Больше, чем мёд",More Than Honey,
HÖHENFEUER,L'âme sœur,Il falò,Höhenfeuer,Alpine Fire,Höhenfeuer,Höhenfeuer,,Огни на вершинах,Alpine Fire,
DERVERDINGBUB,L'enfance volée,Vite rubate,Der Verdingbub,The Forster Boy,Der Verdingbub,Der Verdingbub,El hijo adoptivo,Приемный сын,The Forster Boy,
VITUS,"Vitus, l'enfant prodige",Vitus,Vitus,Vitus,Vitus,Vitus,Un niño extraordinario,Витус,Vitus,
LADENTELLIÈRE,La dentellière,La merlettaia,Die Spitzenklöpplerin,The Lacemaker,La dentellière,La dentellière,,Кружевница,The Lacemaker,
HANDYMAN,Handyman,Handyman,Handyman,Handyman,Handyman,Handyman,,Как найти идеальную жену,Handyman,
KASSETTENLIEBE,L'amour en vidéo,Kassettenliebe,Kassettenliebe,,Kassettenliebe,Kassettenliebe,,Брачное агентство Феликс Штамм,,
GIULIASVERSCHWINDEN,La disparition de Giulia,La sparizione di Giulia,Giulias Verschwinden,Julia's Disappearance,Giulias Verschwinden,Giulias Verschwinden,,Джулия исчезает,Julia's Disappearance,
DASGEFRORENEHERZ,Le coeur glacé,Das Gefrorene Herz,Das gefrorene Herz,The Frozen Heart,Das Gefrorene Herz,Das Gefrorene Herz,,Лед в сердце,The Frozen Heart,
ACHTUNGFERTIGWK!,"Achtung, fertig, WK!","Achtung, fertig, WK!","Achtung, fertig, WK!","Ready, Steady, Ommm!","Achtung, fertig, WK!","Achtung, fertig, WK!",,Всем строиться или Армейский пирог - 2,"Ready, Steady, Ommm!",
BROTUNDSTEINE,Du pain et des pierres,Brot und Steine,Brot und Steine,Bread and Stones,Brot und Steine,Brot und Steine,,Хлеб и камни,Bread and Stones,
DASBOOTISTVOLL,La barque est pleine,La barca è piena,Das Boot ist voll,The Boat is Full,Das Boot ist voll,Das Boot ist voll,El bote está lleno,Места в лодке больше нет,The Boat is Full,
KOMIKER,Komiker,Komiker,Komiker,Comedians,Comediantes,Komiker,,Комедиант,Comedians,
DERSCHWARZETANNER,Tanner l'irréductible,Der Schwarze Tanner,Der schwarze Tanner,,Der Schwarze Tanner,Der Schwarze Tanner,,Битва за урожай или Черный Таннер,,
MANIMATTERWARUMSYTDIRSOTRUURIG?,Mani Matter – Pourquoi êtes-vous si tristes?,Mani Matter – Warum syt dir so truurig?,Mani Matter – Warum syt dir so truurig?,,Mani Matter – Warum syt dir so truurig?,Mani Matter – Warum syt dir so truurig?,,Мани Маттер: почему вы так печальны?,,
SENNENTUNTSCHI,Sennentuntschi,Sennentuntschi,Sennentuntschi,Sennentuntschi: Curse of the Alps,Sennentuntschi,Sennentuntschi,,Пастушья кукла,Sennentuntschi: Curse of the Alps,
DIESCHWEIZERMACHER.synopsis,Quel fromage met-on dans la fondue? Faites-vous du ski? Une comédie satirique sur les épreuves auxquelles sont soumis les candidats à la naturalisation dans la Suisse des années 70.,Che formaggio si mette nella fondue? Pratica lo sci? Una commedia satirica racconta le peripezie con le quali sono confrontati i candidati alla naturalizzazione nella Svizzera degli anni Settanta.,"Welchen Käse nimmt man für Fondue? Können Sie Skifahren? Eine satirische Komödie zeigt Schicksalsschläge und Beamtentum, mit denen Einbürgerungswillige in der Schweiz der 1970er-Jahre konfrontiert werden.",,Qual queijo é utilizado no fondue? Você esquia? A comédia satírica narra as vicissitudes enfrentadas pelos candidatos à naturalização na Suíça dos anos 1970.,ما هي أصناف الأجبان التي تُستخدم في أكلة الفوندو؟ هل تمارس رياضة التزلج؟ كوميديا ساخرة تتناول الإختبارات التي يخضع لها المترشحون للحصول على الجنسية في سويسرا خلال سبعينيات القرن العشرين. ,,"Кинофильм «Как стать швейцарцем» является без сомнения самым популярным швейцарским фильмом всех времен. Затронув нерв времени и поставив вопрос, который актуален для любой страны и даже семьи (как относиться к пришлым, с какого момента и на основе каких критериев «чужой» становится «своим»), эта кинокартина остается актуальной и десятки лет спустя после премьеры.",,
ACHTUNGFERTIGCHARLIE!.synopsis,Antonio Carrera va épouser la fille d’un mafioso quand la Suisse le rappelle à ses obligations militaires. Il va alors échafauder tous les plans possibles pour se faire mettre à la porte de l’armée. Comédie de bidasses aux ficelles aussi grosses qu’efficaces.,"Antonio Carrera sta per sposare la figlia di un mafioso, quando l’esercito viene a prelevarlo.",Antonio Carrera steht kurz vor der Hochzeit mit der Tochter eines Mafiosos. Doch dann wird er zum Militärdienst abgezogen.,,Antonio Carrera vai se casar com a filha de um mafioso quando o exército bem buscá-lo.,فيما كان أنطونيو كارّارا يستعد للزواج بابنة أحد أفراد المافيا، دعته سويسرا إلى أداء واجباته العسكرية. عندها قرر استخدام كل الحيل والخطط المُمكنة لتسريحه من الجيش. كوميديا عن الخدمة العسكرية الإجبارية وسبل التحايُل عليها.  ,,"Что делать, когда тебя отрывают от любимой невесты и из-под венца отправляют в армию, постигать основы военной службы в типичной швейцарской учебке? Очень просто: надо вести себя так, чтобы начальники, отчаявшись сделать из тебя солдата, приняли решения о твоем комиссовании и направлении домой «по причине беспробудного идиотизма». План был, как всегда, гениален, если бы не капитан Франц Райкер (Franz Reiker, в исполнении выдающегося швейцарского комика Марко Рима), который «не знает слов любви» и вообще шутить не расположен. ",,
DIEHERBSTZEITLOSEN.synopsis,"Dans un village de l’Emmental, quatre dames d’âge respectable décident d’ouvrir un magasin de lingerie fine. Ce qui crée pas mal d’émois dans une communauté plutôt conservatrice.","In un villaggio conservatore dell’Emmental, quattro anziane decidono di aprire un negozio di biancheria intima di lusso, creando non poco scompiglio nella comunità.","In einem konservativen Emmentaler Dorf entscheiden sich vier ältere Frauen, einen Laden für Luxus-Unterwäsche zu eröffnen, was zu Unruhe und Verwicklungen im Dorf führt.",,"Uma aldeia conservadora no Emmental , quatro idosos decidem abrir uma loja de lingerie de luxo, criando uma grande celeuma na comunidade.",في إحدى القرى الواقعة في منطقة إيمينتال الريفية، قررت أربع سيدات في سن متقدم افتتاح متجر لبيع الملابس الداخلية النسائية، ما أثار بعض الهرج والمرج في صفوف سكان المنطقة الميّالين في الأغلب إلى المحافظة.  ,,"«Неувядаемые», 2006 г, фильм Беттины Оберли (Bettina Oberli) в жанре трагикомедии на основе сценария, написанного Б. Оберли вместе с писательницей Сабиной Поххаммер (Sabine Pochhammer). После смерти своего мужа пожилая владелица небольшого магазинчика в глухой швейцарской провинции решает, что ей самой еще рано готовится к переселению на тот свет, а потому, при поддержке своих товарок-одногодок, она открывает в деревне магазин сексуального женского белья.",,
MEINNAMEISTEUGEN.synopsis,"Tiré d’un livre pour enfants, le film raconte la fugue de quatre garçons à la recherche d’un trésor. Une aventure qui met en lumière la valeur de l’amitié et les relations difficiles entre enfants et parents.","Tratto da un libro per bambini, il film racconta la fuga di quattro ragazzi alla ricerca di un tesoro. Un’avventura che mette in luce il valore dell’amicizia e il difficile rapporto tra figli e genitori.","Der Film zeigt einige Episoden aus dem gleichnamigen Kinderbuch. Die vier Helden gehen auf Schatzsuche. Ein Abenteuer, das den Wert der Freundschaft und die schwierige Beziehung zwischen Kindern und Eltern zeigt.",,"Inspirado em um livro infantil, o filme conta a fuga de quatro meninos em busca do tesouro. Uma aventura que destaca o valor da amizade e as relações difíceis entre pais e filhos.",يروي الشريط المقتبس من كتاب للأطفال قصة فرار أربعة أولاد بحثا عن كنز. مغامرة تسلط الضوء على قيمة الصداقة وعلى العلاقات الصعبة بين الأبناء والآباء. ,,"Фильм «Меня зовут Ойген» был снят в 2005 году швейцарским режиссером Михаэлем Штайнером (Michael Steiner) на основе классического одноименного романа Клауса Шеделина (Klaus Schädelin). В центре фильма четверка неразлучных друзей проказников, одному из которых скоро предстоит отправиться учиться в интернат. А в это время им в руки попадает таинственная карта, на которой отмечен клад…",,
LESPETITESFUGUES.synopsis,"Cette fable bucolique raconte comment un simple vélomoteur permet à un vieux valet de ferme de s’envoler littéralement vers la liberté. Salué par la critique de l’époque comme «euphorique, impertinent et délicieusement libérateur».","Emblema del Nuovo cinema svizzero, racconta la sete di libertà di Pipe, bracciante in una fattoria. La critica di allora lo aveva definito “il film più euforico, impertinente e deliziosamente liberatore” della stagione.","Ein Symbol des neuen Schweizer Kinos. Der Bauernknecht Pipe sucht auf seinem Moped die Freiheit. Die Kritik bezeichnete den Film als ""euphorisch, frech und herrlich befreiend"".",,"Obra clássica do Cinema Novo Suíço conta a história da liberdade de Pipe, um trabalhador em uma fazenda. Os críticos da época consideraram-no ""o filme mais eufórico, atrevido e libertador"" da temporada.","يروي هذا الشريط الذي يُعتبر من علامات السينما الجديدة السويسرية تعطش ""بيييه"" العامل في إحدى الضيعات إلى الحرية. آنذاك الفترة، اعتبره النقاد ""الشريط الأكثر بهجة ووقاحة وتحررا"" للموسم. ",,"Снят в 1979 году режиссером Ивом Ирсаном (Yves Yersin). В центре образ пожилого крестьянина Пипе (Pipe), который покупает себе мопед, учится на нем ездить, выигрывает мотокросс и на премию покупает фотокамеру, при помощи которой он начинает изучать окружающий мир, такой, казалось бы, знакомый. ",,
SCHELLENURSLI.synopsis,"Adapté d’une fable pour enfants - traduite en neuf langues -, le film raconte la quête du petit Ursli dans les montagnes de l’Engadine, à la recherche de la cloche qui lui permettra d’être le roi de la fête du printemps.","Tratto da una fiaba per bambini - tradotta in nove lingue - il film racconta le avventure del piccolo Ursli tra le montagne svizzere, alla ricerca di un campanaccio.","Nach dem in neun Sprachen übersetzten Kinderbuch. Der kleine Ursli geht auf der Alp auf die Suche nach der grössten Kuhglocke, damit er den Umzug im Dorf anführen kann.",,Inspirado em um conto infantil - traduzido em nove línguas - o filme narra as aventuras do pequeno Ursli nas montanhas suíças em busca de um sino.,يروي الشريط المقتبس من رواية للأطفال تُرجمت إلى تسع لغات رحلة الطفل أورسلي في جبال منطقة إينغادين بحثا عن الجرس الذي سيسمح له بأن يكون الملك في مناسبة الإحتفال بالربيع. ,,"Экранизация культовой швейцарской детской книжки о подростке, поставившем перед собой цель во что бы то ни стало добыть из высокогорной избушки пастуха самый большой коровий колокольчик в деревне, чтобы встать во главе шествия, традиционно устраиваемого в кантоне Граубюнден на празднике прощания с зимой «Chalandamarz». Классический сюжет взросления и социальной инициации, реализованный на швейцарских реалиях. ",,
GROUNDING–DIELETZTENTAGEDERSWISSAIR.synopsis,Les derniers jours de la compagnie aérienne Swissair et les manœuvres en coulisses qui ont conduit au grounding du 2 octobre 2001. Un thriller économico-politique efficace sur une catastrophe qui a traumatisé le pays.,"Gli ultimi giorni della Swissair, il famoso grounding del 2 ottobre 2001 e tutto ciò che ha condotto a questa catastrofe.","Die letzten Tage der Traditions-Airline Swissair, das Grounding vom 2. Oktober 2001 und warum es zu dieser wirtschaftlichen Katastrophe kam.",,Os últimos dias da companhia aérea Swissair antes da decretação de falência em 2 de Outubro de 2001.,الأيام الأخيرة لشركة الخطوط الجوية سويس اير والمناورات التي دارت في الكواليس وأدت إلى اتخاذ قرار بوقف جميع الرحلات يوم 2 أكتوبر 2001. شريط مثير وناجع امتزجت فيه السياسة بالإقتصاد حول كارثة صادمة للبلد. ,,"Как получилось, что швейцарский национальный авиаперевозчик, компания «Свиссэйр», неожиданно оказался банкротом? Кто виноват в этом: банкиры, политики, руководство самой компании? Необычный для швейцарского кино самый настоящий экономико-политический триллер-блокбастер, не отпускающий до самого конца. ",,
EINSCHWEIZERNAMENSNÖTZLI.synopsis,"Nötzli, petit comptable coincé travaille depuis 26 ans dans la même entreprise de Berlin. Un jour, il reçoit une promotion inattendue suite à un quiproquo. Un énorme succès pour l’acteur Walter Roderer, très populaire en Suisse alémanique et en Allemagne.","Tra le produzioni svizzere di maggior successo, questa commedia ha come protagonista il famoso attore svizzero-tedesco Walter Roderer, che ricopre il ruolo di un contabile svizzero impiegato da 26 anni in Germania.",Komödie mit dem berühmten Schauspieler und Kabarettisten Walter Roderer. Der unscheinbare Buchhalter Nötzli wird durch Zufälle und Verwicklungen zum Chef eines Chemiewerks in Berlin.,,"Um dos bem sucedidos filmes suíços: comédia estrelada pelo famoso ator suíço-alemão Walter Roderer, que interpreta o papel de um contador suíço empregada por 26 anos na Alemanha.",يعمل نوتزلي، المحاسب الصغير منذ 26 عاما في نفس الشركة في برلين. في أحد الأيام، يتحصل على ترقية غير منتظرة نتيجة لسوء فهم غير مقصود. الشريط كان نجاحا باهرا للمثل فالتر روديرير، الذي يحظى بشعبية كبيرة في الأنحاء السويسرية المتحدثة بالألمانية وفي ألمانيا.,,"Вот уже 26 лет скромный бухгалтер Йозеф Нётцли (Josef Nötzli) работает в одной и той же компании. Случайно попавшее ему в руки рекомендательное письмо министра, предназначавшееся совсем для другого сотрудника, неожиданно возносит его вверх по карьерной лестнице. Что сделает маленький швейцарский человек со случайно доставшейся ему властью? ",,
ERNSTFALLINHAVANNA.synopsis,Un incident tragicomique secoue l'ambassade de Suisse à La Havane. Un épisode qui menace de créer une nouvelle crise diplomatique entre Cuba et les États-Unis.,Un incidente tragicomico fa tremare l’ambasciata svizzera a L'Avana. Un episodio che rischia di creare una nuova crisi diplomatica tra Cuba e gli Stati Uniti.,Ein tragikomischer Vorfall bringt die Schweizer Botschaft in Havanna in Bedrängnis. Die Episode könnte zu einer neuen diplomatischen Krise zwischen Kuba und den USA führen.,,Um incidente tragicômico sacode a Embaixada suíça em Havana e ameaça criar uma nova crise diplomática entre Cuba e os Estados Unidos.,حادثة تراجيدية – كوميدية تهز سفارة سويسرا في لاهافانا، وواقعة تهدد باندلاع أزمة دبلوماسية جديدة بين كوبا والولايات المتحدة. ,,"Штефан Бальзигер (Stefan Balsiger) работает в консульском отделе швейцарского посольства на Кубе и занимается скучными визовыми и пенсионными делами. Его начальник, посол Эрнст Мюллер (Ernst O. Müller), уезжает на ежегодное совещание послов в Берн. Пользуясь моментом, Штефан Бальзигер выдает себя, разговаривая с журналистской из Швейцарии Беа Грабер (Bea Graber), за посла, в то время как на его горизонте начинают сгущаться тучи: грядет визит в Гавану американского сенатора, и это в ситуации, когда Швейцария представляет на Кубе интересы Вашингтона. Неприятности запрограммированы. ",,
MORETHANHONEY.synopsis,"Que se passerait-il si les abeilles disparaissaient? Un documentaire aux images saisissantes pose la question de l’avenir de ces insectes, qui engage rien moins que celui de la planète toute entière.",Cosa accadrebbe se le api dovessero scomparire? Un documentario s’interroga sul futuro di questo insetto e del nostro pianeta.,"Was würde geschehen, wenn die Bienen verschwinden würden? Der erfolgreichste Schweizer Dokumentarfilm geht dieser Frage in zahlreichen Ländern nach.",,O que acontece se as abelhas desaparecessem? O documentário interroga sobre o futuro do inseto e do nosso planeta.,ما الذي قد يحدث لو اختفى النجل من حياتنا؟ شريط وثائقي تميّز بصوره المدهشة ويطرح مسألة مستقبل هذه الحشرات النافعة، التي يتوقف عليها مستقبل الكرة الأرضية بأكملها، لا أقل ولا أكثر.,,"«Больше, чем мед» («More than Honey»), документальный фильм швейцарского режиссера Маркуса Имхофа (Markus Imhoof), снятый в 2012 году и посвященный проблеме вымирания пчел по всему свету, от Калифорнии до Китая. ",,
HÖHENFEUER.synopsis,"Un film lent, presque silencieux et passablement dérangeant, aux images fortes, qui explore les tourments d’un amour impossible entre un frère sourd-muet et sa sœur, livrés à eux-mêmes dans une ferme isolée de Suisse centrale.",Un cinema silenzioso e provocatore che racconta di un amore tra fratello e sorella e di una lotta tra modernità e tradizione. Probabilmente il film più emblematico di Fredi M. Murer e una delle opere svizzere più forti.,Ein stiller und provokativer Film über Geschwisterliebe und den Kampf zwischen Moderne und Tradition auf der Alp. Vermutlich das stärkste Werk von Fredi M. Murer.,,Um filme mudo e provocante que conta a história de um amor entre irmão e irmã e de uma luta entre modernidade e a tradição. Provavelmente um dos filmes mais emblemáticos de Fredi M. Murer.,شريط بوتيرة بطيئة، شبه صامت، ومزعج إلى حد ما، يتميز بصور قوية ويستكشف عذابات حبّ مستحيل بين أخ أصم وأبكم وشقيقته، المتروكيْن لنفسيهما في ضيعة معزولة وسط سويسرا.,,"«Огни на вершинах» («Höhenfeuer») – снятый в 1985 году фильм швейцарского режиссера Фреди Мурера (Fredi M. Murer), несколько раз избиравшийся во время опросов «лучшим швейцарским фильмом всех времен». Внимательная и неторопливая камера следует за швейцарской семьей, живущей в отдаленном горном регионе Швейцарии.",,
DERVERDINGBUB.synopsis,"Un chapitre sombre de l’histoire suisse: entre 1880 et 1950, des milliers d’enfants ont été arrachés à des parents alors jugés incapables de les élever pour être placés dans des familles paysannes, où on les traitait parfois comme des esclaves.","Il film ripercorre un capitolo buio della storia svizzera: migliaia di bambini strappati ai genitori e collocati in famiglie adottive, dove spesso venivano utilizzati come “schiavi”.","Der Film greift ein düsteres Kapitel der Schweizer Geschichte auf: Tausende Kinder wurden ihren Eltern weggenommen und bei Pflegefamilien untergebracht, wo sie oft wie Sklaven behandelt wurden.",,"O filme traça um capítulo negro da história da Suíça: milhares de crianças tirada dos pais e colocadas em lares adotivos, onde foram usados frequentemente como ""escravos"".",فصل مظلم من التاريخ السويسري: ما بين عامي 1880 و1950 تم انتزاع آلاف الأطفال من آباء آعتُبروا آنذاك غير قادرين على رعايتهم وتربيتهم وإيداعهم فيما بعد لدى عائلات قروية، تعاملت معهم في بعض الحالات كالعبيد. ,,"«Приемный фильм» («Der Verdingbub»), художественный фильм режиссера Маркуса Имбодена (Markus Imboden), снятый в 2011 году. Действие фильма происходит в 1950-х гг. в регионе Эмменталь, кантон Берн, в его центре судьбы двух крестьянских детей, отданных своими нищими родителями «в люди». ",,
VITUS.synopsis,"Vitus est un surdoué promis à une brillante carrière de pianiste. Mais il préfère bricoler dans la menuiserie de son grand-père. Il rêve de voler et d'avoir une enfance normale. Pour prendre son destin en mains, il devra affronter ses propres parents.",La storia di un bambino ad alto potenziale che si ribella al futuro dettato dai suoi genitori.,"Die Geschichte eines hochbegabten Jungen, der gegen die Zukunft rebelliert, die seine Eltern für ihn vorgesehen haben.",,A história de uma criança de alto potencial que se rebela contra o futuro ditado pelos pais.,"""فيتوس"" نابغة يُرشحه الجميع لمسيرة متألقة كعازف على البيانو، لكنه يفضل الإنشغال في ورشة النجارة التي يمتلكها جده. يحلم بأن يطير وبأن يعيش طفولة عادية. ومن أجل الإمساك بمصيره بين يديه، سيتطلب الأمر مُواجهة والديه.  ",,"«Витус» («Vitus»), снятый в 2005 году еще один фильм режиссера Фреди Мурера с участием великого швейцарского актера Бруно Ганца. В центре фильма история подростка Витуса, который обладает музыкальным талантом, не замечаемым родителями. Однажды его просят сыграть гостям на фортепиано и этот вечер круто меняет всю его жизнь. ",,
LADENTELLIÈRE.synopsis,"Interprété tout en nuances par la jeune Isabelle Huppert, ce drame est un des films culte du Nouveau cinéma suisse, primé à Cannes et à Berlin. Il traite du fossé social et culturel qui finit par tuer l’amour entre deux jeunes que tout oppose.","Interpretato da una giovane Isabelle Huppert, è uno dei film culto del Nuovo cinema svizzero. Con 500mila entrate nella sola Parigi è stato il più grande successo di Claude Goretta.","Einer der Kultfilme des neuen Schweizer Kinos, mit der jungen Isabelle Huppert. Mit 500'000 Eintritten allein in Paris war der Film der grösste Kassenerfolg von Claude Goretta.",,"Estrelado pela jovem atriz Isabelle Huppert, é um dos mais conhecidos filmes do chamado Novo Cinema Suíço. Um dos maiores sucessos de Claude Goretta.",يُعتبر هذا الشريط الذي يعرض مأساة جسدتها الممثلة الشابة آنذاك إيزابيل هوبيرت والحائز على جوائز في مهرجانات كان وبرلين، من أشهر أفلام الموجة الجديدة في السينما السويسرية. يُعالج الشريط الهوة الإجتماعية والثقافية التي تؤدي في نهاية المطاف إلى نسف الحب بين شاب وشابة يفترقان عن بعضهما في كل شيء.,,«Кружевница» (фр. La Dentellière) — фильм швейцарского режиссёра Клода Горетта. Экранизация одноимённого романа французского писателя Паскаля Лене.,,
HANDYMAN.synopsis,"Plaqué par sa petite amie, Mike cherche l’aide d’un psychologue animateur d’une émission de radio pour âmes en détresse. Celui-ci promet de l’aider à trouver la femme de ses rêves en cinq jours, à condition qu’il accepte que son histoire constitue la trame d’un livre à paraître.","Dopo essere stato lasciato dalla ragazza, Mike si rivolge a uno psicologo che gli promette di aiutarlo a trovare la donna dei suoi sogni.","Nachdem er von seiner Freundin verlassen wurde, wendet sich Mike an einen Psychologen, der ihm verspricht, die Frau seiner Träume zu finden.",,"Depois de ser abandonado pela namorada, Mike procura um psicólogo que promete ajudá-lo a encontrar a mulher dos seus sonhos.",بعد أن تخلت عنه صديقته الصغيرة، يبحث مايك عن مساعدة طبيب نفساني ينشط برنامجا إذاعيا للأنفس المكروبة. الطبيب يعدُه بمساعدته على العثور على فتاة أحلامه في ظرف خمسة أيام ولكن شريطة أن يُوافق على أن تكون قصته موضوع كتاب سينشر قريبا. ,,"Майк (эту роль исполняет Марко Рима / Marco Rima) работает в Цюрихе на музыкальной фирме и не может никак найти подходящую спутницу жизни. Психолог Грегор (роль Оливера Кориттке / Oliver Korittke) из Берлина тоже находится в кризисе, потому что издательство требует от него скорее сдать рукопись нового руководства по счастливой семейной жизни. Грегор обещает Майку помочь найти идеальную жену, в обмен на его согласие стать прообразом для требуемого руководства. ",,
KASSETTENLIEBE.synopsis,"Une agence matrimoniale à l’ancienne décide de passer aux profils en vidéo, ce qui crée une joyeuse pagaille. Trois ans après «Les faiseurs de Suisses», le réalisateur Rolf Lyssy retrouve la comédie et dirige à nouveau Emil Steinberger.","In un’agenzia matrimoniale scoppia il caos dopo l’adozione di un nuovo sistema elettronico. La commedia è diretta da Rolf Lyssy, regista di “I fabbricasvizzeri”.","In einer Partnervermittlungs-Agentur bricht das Chaos aus, als ein neues elektronisches System eingeführt wird. Ein Film von Rolf Lyssy, Regisseur von ""Die Schweizermacher"".",,"Em uma agência matrimonial o caos irrompe após a adopção de um novo sistema eletrônico. O filme é dirigido por Rolf Lyssy, diretor de ""Schweizermacher"".","وكالة زواج تعمل بالطرق القديمة تُقرر اعتماد تعريف المترشحين عن طريق الفيديو، وهو ما أدخل شيئا من الفوضى المرحة على الأجواء. بعد مرور ثلاثة أعوام على شريط ""صُناع السويسريين"" يعود المخرج رولف ليسّي إلى الكوميديا ويُسيّر مُجددا الممثل إيميل شتاينبرغر. ",,"Комедийный фильм Рольфа Лисси, снятый в 1981 году: брачное агентство пытается внедрять у себя новейшие на тот момент электронные средства информации и коммуникации, что не может не завершиться полным хаосом. ",,
GIULIASVERSCHWINDEN.synopsis,"Comédie pleine de tendresse sur l’âge, le film entremêle des tranches de vie de Giulia (50 ans), de Jessica (14 ans) et de Léonie (80 ans). Tiré d’un livre de Martin Suter, qui signe ici des dialogues pétillants.","Giulia compie 50 anni, ma fatica ad accettarlo. Tratto da un libro di Martin Suter (scrittore e sceneggiatore), il film è una commedia sull’età e la giovinezza.","Giulia wird 50, hat aber Mühe damit, dies zu akzeptieren. Der Film nach einem Buch des Bestseller-Autors Martin Suter ist eine Komödie über das Altern und die Jugend.",,"Giulia tem 50 anos, mas tem dificuldades de aceitar a idade. Baseado em um livro de Martin Suter, o filme é uma comédia sobre a idade e juventude.",يمزج الشريط، وهو عبارة كوميديا رقيقة حول السنّ، بين مقتطفات من حياة جوليا (50 عاما) وجيسيكا (14 عاما) ولايوني (80 عاما). العمل السينمائي اقتبس من كتاب من تأليف مارتن سوتر، الذي تميّز هنا بحوارات متألقة. ,,"«Джулия исчезает» («Giulias Verschwinden»), швейцарская комедия о старости и молодости и о том, что возраст любви не помеха. Снят на основе сценария известного швейцарского писателя Мартина Суттера (Martin Suter) режиссером Кристофом Шаубом (Christoph Schaub). Премьера состоялась в 2009 году на международном кинофестивале в Локарно. ",,
DASGEFRORENEHERZ.synopsis,"Adapté d’un livre de Meinrad Inglin, cette parabole espiègle sur la cupidité raconte l’histoire de deux compères qui découvrent un cadavre gelé sur un chemin de montagne et cherchent à rentabiliser leur trouvaille macabre. ","Tratta da un libro di Meinrad Inglin, la commedia si apre col ritrovamento del cadavere di un venditore ambulante in cima a una montagna. Il film è diretto da Xavier Koller, premio Oscar nel 1991 per “Il viaggio della speranza”.","Auf einem Berggipfel wird die Leiche eines Strassenhändlers gefunden. So beginnt diese Komödie nach einem Buch von Meinrad Inglin. Regisseur ist Xavier Koller, 1991 für ""Reise der Hoffnung"" mit dem Oscar für den besten ausländischen Film ausgezeichnet.",,"Baseado em um livro de Meinrad Inglin, a comédia começa com a descoberta do cadáver de um vendedor de rua no topo de uma montanha. O filme é dirigido por Xavier Koller, vencedor do Oscar em 1991 por ""Reise der Hoffnung"".","بعد عشرة أعوام، تم استكمال شريط A vos marques, prêts, Charlie !، وفي هذه المرة  تخلى مايك إيشمان عن الكاميرا لزميله أوليفر ريهس. النتيجة كانت نفس الأسلوب الساخر والمراهق وإقبال واسع من طرف الجمهور وخاصة في المناطق المتحدثة بالألمانية من سويسرا. ",,"Фильм «Das gefrorene Herz» («Лед в сердце») снят в 1979 году Ксавьером Коллером (Xavier Koller) и повествует о том, как поссорились две благополучные швейцарские деревни. Причина проста и банальна: невесть откуда взявшийся бродяга берет и помирает прямо на границе двух общин. Вопрос – чей бюджет должен взять на себя расходы по организации похорон никому не известного человека? ",,
ACHTUNGFERTIGWK!.synopsis,"Dix ans après, la suite de «A vos marques, prêts, Charlie!», pour lequel Mike Eschmann a laissé la caméra à Oliver Rihs. Un même type d’humour adolescent et potache et un nouveau carton, surtout en Suisse alémanique.","Può un istruttore di yoga riformare il servizio militare svizzero e suo suocero? La commedia di Oliver Rihs ha avuto particolare successo nella Svizzera tedesca, senza però riuscire a ritagliarsi uno spazio all’estero.","Nachfolgefilm von ""Achtung, fertig, Charlie!"". Kann ein Yogalehrer die Schweizer Armee und seinen Schwiegervater verändern? Der Erfolg dieses Films beschränkte sich auf die Deutschschweiz.",,"Um instrutor de ioga consegue reformar o serviço militar suíço e seu sogro? A comédia de Oliver Rihs fez sucesso na Suíça de língua alemã, mas não conseguiu o mesmo no exterior.","بعد عشرة أعوام، تم استكمال شريط A vos marques, prêts, Charlie !، وفي هذه المرة  تخلى مايك إيشمان عن الكاميرا لزميله أوليفر ريهس. النتيجة كانت نفس الأسلوب الساخر والمراهق وإقبال واسع من طرف الجمهور وخاصة في المناطق المتحدثة بالألمانية من سويسرا. ",,"«Всем строиться или Армейский пирог – 2» («Achtung, fertig, WK!»): снятое в 2013 году режиссером Оливером Рисом (Oliver Rihs) продолжение более чем успешной первой части комедийной дилогии «Армейский пирог». Будучи типичным хипстером, Алекс Штюсси (Alex Stüssi) в свое время «откосил» от армии, ссылаясь на свои мнимые болезни и мнимую же гомосексуальность. Пять лет спустя он женится на дочери уже знакомого нам «вояки» Франца Райкера. Денег у пары на собственный дом нет, но Франц предлагает им свой дом с одним условием: Алекс должен пройти-таки курс молодого бойца в его части, над которой висит угроза расформирования. ",,
BROTUNDSTEINE.synopsis,"Un paysan de l’Emmental se défend contre les projets d’extension d’une grande entreprise qui l’obligeraient à quitter sa terre. Un pur «Heimatfilm», centré sur la défense de l’identité et du paysage.","Un contadino difende la sua esistenza contro l’arrivo di una grande società, che vuole portargli via il terreno. Un cosiddetto “Heimatfilm”, centrato sulla difesa dell’identità e del paesaggio.","Ein Bauer verteidigt seine Existenzgrundlage gegen einen grossen Konzern, der ihm sein Land wegnehmen will. Ein so genannter ""Heimatfilm"", der die Verteidigung von Identität und Landschaft ins Zentrum stellt.",,Um camponês defende sua existência contra a chegada de uma grande empresa que quer tirá-lo das suas terras. Filme centrado na defesa da identidade.,"مزارع من منطقة ""إيمينتال"" يتصدى لمشاريع توسعة تعتزم شركة كبرى القيام بها والتي ستُجبره على مغادرة أرضه. شريط مثير لمشاعر الإنتماء إلى الأرض والتعلق بها ويتمحور حول الدفاع عن الهوية والمشهد الطبيعي. ",,"«Хлеб и камни» («Brot und Steine»), художественный фильм, снятый в 1979 году Лизелоттой Пульвер (Liselotte Pulver) и Зигфридом Штайнером (Sigfrit Steiner) на тему столкновения традиционной деревенской Швейцарии с новым миром международных фирм и концернов. ",,
DASBOOTISTVOLL.synopsis,"Nominé aux Oscars, primé à Berlin, le film de Markus Imhoof interroge le rôle de la Suisse durant la Seconde Guerre mondiale, et en particulier la décision de fermer les frontières, annoncée en août 1942. ","Candidato all'Oscar e vincitore di un Orso berlinese, il film di Markus Imhoof si interroga sul ruolo della Svizzera nella Seconda guerra mondiale e in particolare sulla decisione di chiudere tutte le frontiere, annunciata nell’agosto del 1942.","Oscar-Kandidat und Gewinner des Goldenen Bären. Der Film von Markus Imhoof hinterfragt die Rolle der Schweiz im Zweiten Weltkrieg und dabei besonders den Entscheid vom August 1942, alle Grenzen zu schliessen.",,"Indicado ao Oscar e vencedor de um prêmio no Festival de Berlim, o filme de Markus Imhoof questiona o papel da Suíça na Segunda Guerra Mundial e, em particular, a decisão de fechar todas as fronteiras em agosto de 1942.",يطرح شريط ماركوس إيمهوف، الذي رُشّح لنيل الأوسكار وتحصل على جائزة في برلين، تساؤلات حول الدور الذي لعبته سويسرا خلال الحرب العالمية الثانية، وخاصة فيما يتعلق بقرار إغلاق الحدود بوجه اللاجئين الذي تم الإعلان عنه في شهر أغسطس 1942.,,"Фильм «Места в лодке больше нет» («Das Boot ist voll») снят режиссером Маркусом Имхофом (Markus Imhoof) по одноименному роману швейцарского писателя Альфреда Хёслера (Alfred A. Häsler). 1942 год, Швейцария закрывает границы, отгораживаясь от Европы, погруженной в пучину войны. Шесть беженцев хотят проникнуть в Швейцарию. Кто из них получит право остаться? Кому придется покинуть мирную страну?",,
KOMIKER.synopsis,"Roni Beck a 38 ans et n’a encore rien fait de sa vie. Il aimerait être un comique, mais il se cache dans le home où vit sa vieille mère, en essayant d’écrire son premier spectacle. Une comédie noire, dans laquelle rien ne se passe comme prévu.","Il comico Roni Beck si nasconde in una casa per anziani, dove continua a sognare una carriera di successo.","Der Komiker Roni Beck versteckt sich in einem Altersheim, wo er weiterhin von einer erfolgreichen Karriere träumt.",,"O comediante Roni Beck se esconde em um asilo de idosos, onde continua a sonhar com uma carreira de sucesso.",في سن الثامنة والثلاثين، لا زال روني باك يبحث عن معنى لحياته. إنه يريد أن يُصبح ممثلا فكاهيا، لكنه يختبئ في مأوى العجزة الذي تقيم فيه والدته المُسنّة محاولا كتابة نص مسرحيته الأولى. كوميديا سوداوية لا تجري فيها الأحداث كما هو متوقع.  ,,"«Комедиант» («Komiker»), фильм, снятый в 2000 году режиссером Маркусом Имбоденом (Markus Imboden). Рони Бек (Roni Beck) является безуспешным актером-юмористом. Денег у него нет и поэтому он тайно селится у своей матери в доме престарелых. Директор дома быстро разоблачает незваного гостя и предлагает ему, в обмен на кров и питание, поработать санитаром. ",,
DERSCHWARZETANNER.synopsis,"En pleine Seconde Guerre mondiale, un paysan suisse fait de la résistance en refusant de transformer ses pâturages en terres cultivables, comme le prescrit alors le plan Wahlen, destiné à assurer l’autosuffisance alimentaire du pays.","Nel 1941, in piena Seconda guerra mondiale, un contadino svizzero si rifiuta di seguire gli ordini delle autorità e di trasformare i pascoli in terreni agricoli.","1941, mitten im Zweiten Weltkrieg, weigert sich ein Schweizer Bauer, der Weisung der Behörden zu folgen und aus seinen Wiesen Ackerland zu machen.",,"Em 1941, durante a Segunda Guerra Mundial, um fazendeiro suíço se recusa a seguir as ordens das autoridades e de transformar pastos em terras agrícolas.","في خضم الحرب العالمية الثانية، يُقرر مزارع سويسري السباحة ضد التيار رافضا تحويل مراعيه إلى أراض صالحة للزراعة، مثلما كان يفرضه آنذاك ما عُرف بـ ""مخطط فاهلن""، الرامي إلى تأمين الإكتفاء الذاتي من الغذاء للبلاد في تلك الفترة المضطربة. ",,"«Битва за урожай или Черный Таннер» («Der Schwarze Tanner»), фильм Ксавьера Коллера, снятый в 1986 году. Швейцария, 1942 год, мир погружен в войну, нейтральная Конфедерация сталкивается с проблемой обеспечения граждан продовольствием. Правительство провозглашает «битву за урожай» и призывает частных фермеров принять участие в этом проекте. Большинство выступает в поддержку правительства, но есть и такие, как Черный Таннер, которые начинают сопротивляться. ",,
MANIMATTERWARUMSYTDIRSOTRUURIG?.synopsis,"Portrait de Mani Matter, chanteur alémanique disparu en 1972, à l’âge de 36 ans. 30 ans plus tard, ce grand admirateur de Brassens et observateur ironique de la grisaille helvétique revit à travers images d’archives et témoignages de proches.","Ritratto del famoso cantante svizzero Mani Matter, presentato attraverso materiale d’archivio e testimonianze di famigliari.","Porträt des berühmten Berner Mundart-Liedermachers Mani Matter, mit vielen Archivaufnahmen und Berichten von Familienmitgliedern.",,"Documentário sobre o famoso cantor suíço Mani Matter, apresentado através de imagens de arquivo e depoimentos de membros da família.",بورتريه ماني ماتّر، مطرب سويسري من المناطق المتحدثة بالألمانية، توفى سنة 1972 عن عمر يناهز 36 عاما. بعد مرور ثلاثين عاما، يعود هذا المُعجب الكبير بالفرنسي جورج براسنس والمُراقب الساخر للأجواء السويسرية الكئيبة إلى الحياة من جديد عبر صور أرشيفية وشهادات مقربين منه. ,,"«Мани Маттер: почему вы так печальны?» («Mani Matter – Warum syt dir so truurig?»): самый успешный в прокате швейцарский документальный фильм, посвященный жизни и творчеству трагически погибшего в 1972 году культового швейцарского барда Мани Маттера, снят в 2002 году Фридрихом Капеллером (Friedrich Kappeler). ",,
SENNENTUNTSCHI.synopsis,"Selon une légende alpine, la Sennentuschi est une poupée de paille utilisée par des bergers pour assouvir leurs pulsions sexuelles. Un jour, la poupée prend vie pour se venger de ceux qui ont abusé d'elle. Un film d'horreur dont on sort plus décontenancé que terrorisé.",Dagli altari alla polvere e ritorno (forse): la travagliata storia di Michael Steiner e del suo film è un capitolo emblematico di cinema svizzero. La pellicola s'ispira al racconto di un'aberrazione sessuale ambientata nell'arco alpino.,"Drei Sennen basteln sich aus Langeweile eine Puppe und meinen im Rausch, sie sei lebendig geworden, als eine unbekannte Frau auftaucht. Diese rächt sich an ihnen. Der Horrorfilm von Michael Steiner bezieht sich auf die gleichnamige Sage aus dem Alpenraum.",,A história conturbada de Michael Steiner e seu filme é um capítulo emblemático do cinema suíço. O filme é inspirado no conto de uma aberração sexual ambientada nos Alpes.,طبقا لأسطورة متداولة في مناطق جبال الألب، تُستخدم دمية من التبن تُسمى Sennentuschi من طرف رعاة لإشباع رغباتهم الجنسية. في إحدى الأيام، تعود الدمية إلى الحياة لتنتقم من كل الذين اعتدوا عليها. شريط رعب يخرج منه المتفرج بارتباك يفوق ما تعرض له من ترويع. ,,"«Пастушья кукла» («Sennentuntschi), снятый в 2010 году в жанре мистического триллера фильм Михаэля Штайнера (Michael Steiner) на основе старой альпийской легенды о том, как в свое время пастухи, проводя одинокие месяцы высоко в горах, мастерили себе для удовлетворения своих мужских потребностей специальных «кукол» из сена и глины. И вот одна из них ожила несколько веков спустя и горит жаждой отмщения. ",,
graphic.title,Les 25 plus grands succès du cinéma suisse 1976 - 2015,I 25 più grandi successi del cinema svizzero 1976 - 2015,Die 25 erfolgreichsten Schweizer Kinofilme 1976 - 2015,,Os 25 maiores sucessos do cinema suíço de 1976 a 2015,أنجح 25 شريط سينمائي سويسري من 1976 إلى 2015,,25 самых успешных швейцарских фильмов,スイス映画興行成績ランキング　トップ２５（１９７６～２０１５年）,
graphic.subtitle,"Nombre cumulé d'entrées en salles en Suisse en fonction de l'année de production. La taille des bulles est proportionnelle au score du film sur IMDb.com. Placez votre curseur sur une bulle pour en savoir plus sur un film. Cliquez sur une bulle pour voir un extrait du film (en langue originale). Note: pour définir si un film est suisse, nous avons retenu les normes européenes se basant sur le pays de production majoritaire.","Numero di entrate* registrate nei cinema svizzeri, a seconda dell'anno di produzione. La dimensione della bolla è proporzionale alla nota su IMDb. Spostate il cursore su una bolla per saperne di più su un film. Cliccate sulla bolla per vedere uno estratto del film o il trailer (in lingua originale). Nota: sono presi in considerazione solo i film 100% svizzeri o le coproduzioni maggioritarie svizzere, in conformità con le norme statistiche europee.","Anzahl Eintritte* in Schweizer Kinos im Entstehungsjahr. Die Grösse der Blase entspricht der Bewertung auf der Filmdatenbank IMDb. Fahren Sie mit dem Cursor über eine Blase, um mehr über den Film zu erfahren. Klicken Sie die Blase an, um einen Filmausschnitt oder den Trailer zu sehen (in Originalsprache). Die Grafik umfasst nur 100-prozentige Schweizer Filme oder nach Richtlinien europäischer Statistiken hauptsächlich schweizerische Koproduktionen.",,"Número de entradas pagas nos cinemas suíços, de acordo com o ano de produção. O tamanho da bolha é proporcional à nota no IMDb. Mova o cursor sobre uma bolha para saber mais sobre um filme. Clique na bolha para ver um trecho do filme ou o trailer (na língua original). Nota: são levados em conta apenas o filme 100% suíço ou com uma maioria de co-produção suíça, de acordo com as normas estatísticas europeias.
",العدد التراكمي للدخول إلى القاعات في سويسرا وفقا لسنة الإنتاج. حجم الفقاعات مواز للنتيجة التي تحصل عليها الشريط على موقع IMDb.com . ضع مؤشر الفأرة فوق فقاعة لمعرفة المزيد عن الفيلم. انقر على فقاعة لرؤية مقطع من الفيلم (في لغته الأصلية). ملاحظة: لتحديد ما إذا كان الشريط سويسريا، تم اعتماد المعايير الأوروبية على أساس بلد الإنتاج ذي الإسهام الأغلبي.,,"Отражено совокупное количество походов в кино в Швейцарии на данный фильм в соответствии с годом выпуска. Размер окружности пропорционален рейтингу фильма на сайте IMDb.com. Наведите курсор на окружность, чтобы узнать больше о фильме. Нажмите на окружность, чтобы увидеть трейлер фильма на языке оригинала. Примечание: некоторые фильмы являются совместным производством, поэтому швейцарским фильм считается только в случае, если большая часть работ по его производству происходила на территории Швейцарии.",映画が製作された年のスイス国内観客動員数* 。グラフ内の円の大きさは、インターネット・ムービー・データベースの評価に比例。映画の詳細を見るには、カーソルを円の上に合わせてください。円をクリックして映画の予告編や映像の一部をお楽しみいただけます（オリジナル言語）。統計には、スイス映画および共同制作映画（欧州の統計基準でスイス映画に位置づけられている作品のみ）が含まれます。,
source,sources,Fonte,Quellen,,fonte,المصادر,,Источник,出典,
source.label,"Office fédéral de la statistique, ProCinema","Ufficio federale di statistica, ProCinema","Bundesamt für Statistik, ProCinema",,"Departamento Federal de Estatísticas, ProCinema",المكتب الفدرالي للسينما، مؤسسة ProCinema,,Федеральное ведомство статистики Швейцарии (BfS),連邦統計局、スイス映画配給協会,
source.link,http://www.bfs.admin.ch/bfs/portal/fr/index/themen/16/02/01/dos/03/05.html,http://www.bfs.admin.ch/bfs/portal/fr/index/themen/16/02/01/dos/03/05.html,http://www.bfs.admin.ch/bfs/portal/de/index/themen/16/02/01/dos/03/05.html,http://www.bfs.admin.ch/bfs/portal/fr/index/themen/16/02/01/dos/03/05.html,http://www.bfs.admin.ch/bfs/portal/fr/index/themen/16/02/01/dos/03/05.html,http://www.bfs.admin.ch/bfs/portal/fr/index/themen/16/02/01/dos/03/05.html,http://www.bfs.admin.ch/bfs/portal/fr/index/themen/16/02/01/dos/03/05.html,http://www.bfs.admin.ch/bfs/portal/de/index/themen/16/02/01/dos/03/05.html,http://www.bfs.admin.ch/bfs/portal/fr/index/themen/16/02/01/dos/03/05.html,http://www.bfs.admin.ch/bfs/portal/fr/index/themen/16/02/01/dos/03/05.html
source2.label,Internet movie database,Internet movie database,Internet movie database,,Internet movie database,قاعدة بيانات الأفلام على الإنترنت,,«Интернет-база кинофильмов»,インターネット・ムービー・データベース,
source2.link,http://www.imdb.com,http://www.imdb.com,http://www.imdb.com,http://www.imdb.com,http://www.imdb.com,http://www.imdb.com,http://www.imdb.com,http://www.imdb.com,http://www.imdb.com,http://www.imdb.com
director.cat,réalisateur,regista,Regie,,diretor,مخرج,,режиссер,,
genre.cat,genre,genere,Filmgenre,,gênero,صنف ,,жанр,ジャンル,
comedy.type,comédie,commedia,Komödie,,comédia,كوميديا ,,комедия,コメディー,
drama.type,drame,drammatico,Drama,,drama,دراما ,,драма,ドラマ,
comedydrama.type,comédie dramatique,commedia drammatica,Tragikomödie,,cométida dramática,كوميديا درامية  ,,трагикомедия,悲喜劇,
documentary.type,documentaire,documentario,Dokumentarfilm,,documentário,وثائقي ,,документальный фильм,ドキュメンタリー,
horrormystery.type,horreur/mystère,horror,Horrorfilm,,terror,رعب/غموض,,ужасы,ホラー,
family.type,famille,per tutti,Familienfilm,,filme para famílias,شريط لكل العائلة ,,для семейного просмотра,ファミリー,
clickToHide,(cliquez pour masquer),(Cliccate per nascondere uno o più filoni),(Mit Klick verbergen oder einblenden),,(clique aqui para esconder),(انقر للتغطية),,"(Нажмите, чтобы скрыть)",（ジャンルをクリックして表示・非表示を切り替えられます）,
language.cat,langue,lingua,Sprache,,idioma,اللغة,,язык,,
ger.type,allemand,tedesco,Deutsch,,alemão,الألمانية ,,немецкий,,
fre.type,français,francese,Französisch,,francês,الفرنسية ,,французский,,
year.cat,année,anno,Jahr,,ano,السنة ,,год,,
admissions.cat,entrées,entrate,Eintritte,,entradas,عدد المتفرجين ,,количество зрителей,,
imdb.cat,note IMDb,nota IMDb,Bewertung IMDb,,nota do IMDb,العلامة الممنوحة من IMDb,,рейтинг IMDb,,
ylab.label,Entrées (en milliers),Entrate (in migliaia),Eintritte (in Tausend),,entradas (em milhares),عدد المتفرجين (بالآلاف),,зрители (в тыс.),,
trailer,Extrait video ou bande annonce (en langue originale),Estratto del film o trailer (in lingua originale),Filmausschnitt oder Trailer (in Originalsprache),,Trecho do filme ou trailer (em idioma original),مقطع فيديو أو الإعلان الإشهاري (باللغة الأصلية) ,,Извлечь видео или трейлер (на языке оригинала),,
footnote,"* Tous les cinémas en Suisse (cinémas open air inclus, festivals de film et cinémas érotiques non inclus)","* Tutti i cinema in Svizzera (inclusi gli open air, ma non i festival)","* Alle Kinos in der Schweiz (inkl. Open-Airs, aber ohne Festivals)",,* Todos os cinemas da Suíça (incluíndo open air e festivais de filme. Cinema erótico não incluido),*جميع أصناف قاعات العرض السينمائي في سويسرا (بما في ذلك العروض السينمائية في الهواء الطلق، وبدون احتساب المهرجانات السينمائية وقاعات عرض الأفلام الجنسية),,"*Учтены все кинотеатры Швейцарии (без показов в формате OpenAir, без фестивальных показов и без порно-кинотеатров)",* スイス国内の映画館での観客動員数（野外も含む）。映画フェスティバルでの観客動員数は含まれません。,